Workbook

Sheet 集計
A1: 版ごとのコスト集計
A3: 版 | B3: タスク数 | C3: 完了数 | D3: 未見積 | E3: 見積コスト | F3: 実コスト | G3: 完了分の見積 | H3: 進捗率 | I3: 見積と実績の差
A4: プロト | B4: =COUNTIF(タスク一覧!$E$2:$E$116,$A4) -> 63 | C4: =COUNTIFS(タスク一覧!$E$2:$E$116,$A4,タスク一覧!$G$2:$G$116,"完了") -> 49 | D4: =SUMPRODUCT((タスク一覧!$E$2:$E$116=$A4)*(タスク一覧!$H$2:$H$116=0)) -> 0 | E4: =SUMIF(タスク一覧!$E$2:$E$116,$A4,タスク一覧!$H$2:$H$116) -> 144.5 | F4: =SUMIF(タスク一覧!$E$2:$E$116,$A4,タスク一覧!$I$2:$I$116) -> 0 | G4: =SUMIFS(タスク一覧!$H$2:$H$116,タスク一覧!$E$2:$E$116,$A4,タスク一覧!$G$2:$G$116,"完了") -> 111.5 | H4: =IFERROR(G4/E4,0) -> 0.7716263 | I4: =SUMIFS(タスク一覧!$I$2:$I$116,タスク一覧!$E$2:$E$116,$A4,タスク一覧!$G$2:$G$116,"完了")-G4 -> -111.5
A5: アルファ | B5: =COUNTIF(タスク一覧!$E$2:$E$116,$A5) -> 31 | C5: =COUNTIFS(タスク一覧!$E$2:$E$116,$A5,タスク一覧!$G$2:$G$116,"完了") -> 2 | D5: =SUMPRODUCT((タスク一覧!$E$2:$E$116=$A5)*(タスク一覧!$H$2:$H$116=0)) -> 0 | E5: =SUMIF(タスク一覧!$E$2:$E$116,$A5,タスク一覧!$H$2:$H$116) -> 64 | F5: =SUMIF(タスク一覧!$E$2:$E$116,$A5,タスク一覧!$I$2:$I$116) -> 0 | G5: =SUMIFS(タスク一覧!$H$2:$H$116,タスク一覧!$E$2:$E$116,$A5,タスク一覧!$G$2:$G$116,"完了") -> 2 | H5: =IFERROR(G5/E5,0) -> 0.03125 | I5: =SUMIFS(タスク一覧!$I$2:$I$116,タスク一覧!$E$2:$E$116,$A5,タスク一覧!$G$2:$G$116,"完了")-G5 -> -2
A6: ベータ | B6: =COUNTIF(タスク一覧!$E$2:$E$116,$A6) -> 20 | C6: =COUNTIFS(タスク一覧!$E$2:$E$116,$A6,タスク一覧!$G$2:$G$116,"完了") -> 1 | D6: =SUMPRODUCT((タスク一覧!$E$2:$E$116=$A6)*(タスク一覧!$H$2:$H$116=0)) -> 0 | E6: =SUMIF(タスク一覧!$E$2:$E$116,$A6,タスク一覧!$H$2:$H$116) -> 62 | F6: =SUMIF(タスク一覧!$E$2:$E$116,$A6,タスク一覧!$I$2:$I$116) -> 0 | G6: =SUMIFS(タスク一覧!$H$2:$H$116,タスク一覧!$E$2:$E$116,$A6,タスク一覧!$G$2:$G$116,"完了") -> 1 | H6: =IFERROR(G6/E6,0) -> 0.016129032 | I6: =SUMIFS(タスク一覧!$I$2:$I$116,タスク一覧!$E$2:$E$116,$A6,タスク一覧!$G$2:$G$116,"完了")-G6 -> -1
A7: マスタ | B7: =COUNTIF(タスク一覧!$E$2:$E$116,$A7) -> 1 | C7: =COUNTIFS(タスク一覧!$E$2:$E$116,$A7,タスク一覧!$G$2:$G$116,"完了") -> 0 | D7: =SUMPRODUCT((タスク一覧!$E$2:$E$116=$A7)*(タスク一覧!$H$2:$H$116=0)) -> 0 | E7: =SUMIF(タスク一覧!$E$2:$E$116,$A7,タスク一覧!$H$2:$H$116) -> 1 | F7: =SUMIF(タスク一覧!$E$2:$E$116,$A7,タスク一覧!$I$2:$I$116) -> 0 | G7: =SUMIFS(タスク一覧!$H$2:$H$116,タスク一覧!$E$2:$E$116,$A7,タスク一覧!$G$2:$G$116,"完了") -> 0 | H7: =IFERROR(G7/E7,0) -> 0 | I7: =SUMIFS(タスク一覧!$I$2:$I$116,タスク一覧!$E$2:$E$116,$A7,タスク一覧!$G$2:$G$116,"完了")-G7 -> 0
A8: 合計 | B8: =SUM(B4:B7) -> 115 | C8: =SUM(C4:C7) -> 52 | D8: =SUM(D4:D7) -> 0 | E8: =SUM(E4:E7) -> 271.5 | F8: =SUM(F4:F7) -> 0 | G8: =SUM(G4:G7) -> 114.5 | H8: =IFERROR(G8/E8,0) -> 0.42173112 | I8: =SUM(I4:I7) -> -114.5
A10: 進捗率 = 状態が「完了」のタスクの見積コスト ÷ 見積コスト合計。見積と実績の差 = 完了タスクの実コスト − その見積コスト（プラス = 見積より多くかかった）。

Sheet カレンダー
A1: 開発カレンダー
A3: 版 | B3: 開始 | C3: 終了 | D3: 日数 | E3: 作業可能時間 | F3: 見積時間 | G3: 余裕
A4: プロト | B4: 46296 | C4: 46326 | D4: =C4-B4+1 -> 31 | E4: =D4*設定!$B$6 -> 248 | F4: =SUMIF(タスク一覧!$E:$E,A4,タスク一覧!$H:$H)*設定!$B$5 -> 144.5 | G4: =E4-F4 -> 103.5 | I4: 青字の開始・終了日を変えると、下のカレンダーの色も自動で変わります。
A5: アルファ | B5: 46327 | C5: 46356 | D5: =C5-B5+1 -> 30 | E5: =D5*設定!$B$6 -> 240 | F5: =SUMIF(タスク一覧!$E:$E,A5,タスク一覧!$H:$H)*設定!$B$5 -> 64 | G5: =E5-F5 -> 176 | I5: 作業可能時間 = 日数 × 1日の作業時間（設定シート）。土日も作業日として数えています。
A6: ベータ | B6: 46357 | C6: 46379 | D6: =C6-B6+1 -> 23 | E6: =D6*設定!$B$6 -> 184 | F6: =SUMIF(タスク一覧!$E:$E,A6,タスク一覧!$H:$H)*設定!$B$5 -> 62 | G6: =E6-F6 -> 122
A7: マスタ | B7: 46380 | C7: 46386 | D7: =C7-B7+1 -> 7 | E7: =D7*設定!$B$6 -> 56 | F7: =SUMIF(タスク一覧!$E:$E,A7,タスク一覧!$H:$H)*設定!$B$5 -> 1 | G7: =E7-F7 -> 55
A10: 2026 年 10 月 | I10: 2026 年 11 月 | Q10: 2026 年 12 月
A11: 日 | B11: 月 | C11: 火 | D11: 水 | E11: 木 | F11: 金 | G11: 土 | I11: 日 | J11: 月 | K11: 火 | L11: 水 | M11: 木 | N11: 金 | O11: 土 | Q11: 日 | R11: 月 | S11: 火 | T11: 水 | U11: 木 | V11: 金 | W11: 土
E12: 46296 | F12: 46297 | G12: 46298 | I12: 46327 | J12: 46328 | K12: 46329 | L12: 46330 | M12: 46331 | N12: 46332 | O12: 46333 | S12: 46357 | T12: 46358 | U12: 46359 | V12: 46360 | W12: 46361
A13: 46299 | B13: 46300 | C13: 46301 | D13: 46302 | E13: 46303 | F13: 46304 | G13: 46305 | I13: 46334 | J13: 46335 | K13: 46336 | L13: 46337 | M13: 46338 | N13: 46339 | O13: 46340 | Q13: 46362 | R13: 46363 | S13: 46364 | T13: 46365 | U13: 46366 | V13: 46367 | W13: 46368
A14: 46306 | B14: 46307 | C14: 46308 | D14: 46309 | E14: 46310 | F14: 46311 | G14: 46312 | I14: 46341 | J14: 46342 | K14: 46343 | L14: 46344 | M14: 46345 | N14: 46346 | O14: 46347 | Q14: 46369 | R14: 46370 | S14: 46371 | T14: 46372 | U14: 46373 | V14: 46374 | W14: 46375
A15: 46313 | B15: 46314 | C15: 46315 | D15: 46316 | E15: 46317 | F15: 46318 | G15: 46319 | I15: 46348 | J15: 46349 | K15: 46350 | L15: 46351 | M15: 46352 | N15: 46353 | O15: 46354 | Q15: 46376 | R15: 46377 | S15: 46378 | T15: 46379 | U15: 46380 | V15: 46381 | W15: 46382
A16: 46320 | B16: 46321 | C16: 46322 | D16: 46323 | E16: 46324 | F16: 46325 | G16: 46326 | I16: 46355 | J16: 46356 | Q16: 46383 | R16: 46384 | S16: 46385 | T16: 46386 | U16: 46387
A19: 色なし = どの版の期間にも入っていない日

Sheet タスク一覧
A1: 分類1 | B1: 分類2 | C1: 分類3 | D1: タスク | E1: 版 | F1: 優先度 | G1: 状態 | H1: 見積コスト | I1: 実コスト | J1: メモ
A2: プレイヤー | B2: 移動 | D2: カメラ基準の歩き・走り | E2: プロト | F2: A | G2: 完了 | H2: 0.5
A3: プレイヤー | B3: 移動 | D3: 旋回・加速・減速 | E3: プロト | F3: A | G3: 進行中 | H3: 3
A4: プレイヤー | B4: ジャンプ | D4: 通常ジャンプ | E4: プロト | F4: A | G4: 完了 | H4: 0.5
A5: プレイヤー | B5: ジャンプ | D5: 2段ジャンプ | E5: プロト | F5: A | G5: 未着手 | H5: 0.5
A6: プレイヤー | B6: ジャンプ | D6: 落下・着地硬直 | E6: プロト | F6: B | G6: 未着手 | H6: 0.5
A7: プレイヤー | B7: 回避 | D7: 地上回避 | E7: プロト | F7: A | G7: 完了 | H7: 0.5
A8: プレイヤー | B8: 回避 | D8: 空中回避 | E8: プロト | F8: A | G8: 未着手 | H8: 0.5
A9: プレイヤー | B9: 回避 | D9: 無敵時間・連続回避の制限 | E9: プロト | F9: A | G9: 進行中 | H9: 0.5
A10: プレイヤー | B10: ジャスト回避 | D10: 判定の時間 | E10: プロト | F10: A | G10: 完了 | H10: 0.5
A11: プレイヤー | B11: ジャスト回避 | D11: 成功でウィッチタイム発動 | E11: プロト | F11: A | G11: 完了 | H11: 0.5
A12: プレイヤー | B12: 被弾 | D12: 怯み・吹っ飛び・起き上がり | E12: プロト | F12: A | G12: 進行中 | H12: 5
A13: プレイヤー | B13: 被弾 | D13: 被弾後の無敵時間 | E13: プロト | F13: A | G13: 完了 | H13: 0.5
... A34: 攻撃 | B34: 銃 | D34: 攻撃中・空中で撃つ | E34: プロト | F34: A | G34: 完了 | H34: 4
A35: 攻撃 | B35: でかい手 | D35: 発生タイミング・当たり判定 | E35: プロト | F35: A | G35: 完了 | H35: 3 | J35: ウィケッドウィーブ
A36: 攻撃 | B36: でかい手 | D36: 演出 | E36: プロト | F36: A | G36: 完了 | H36: 2
A37: ウィッチタイム | B37: 時間 | D37: 敵・弾・エフェクトだけスロー | E37: プロト | F37: A | G37: 進行中 | H37: 3 | J37: プレイヤーは通常の速さ
A38: ウィッチタイム | B38: 時間 | D38: 継続時間・終わり方 | E38: プロト | F38: A | G38: 進行中 | H38: 3
A39: ウィッチタイム | B39: 演出 | D39: 画面の色・開始演出 | E39: プロト | F39: A | G39: 進行中 | H39: 3
A40: 当たり判定 | B40: 攻撃 | D40: アニメのフレームに合わせて出し消し | E40: プロト | F40: A | G40: 完了 | H40: 2
A41: 当たり判定 | B41: 攻撃 | D41: 多段ヒット防止 | E41: プロト | F41: A | G41: 完了 | H41: 2
A42: 当たり判定 | B42: 被弾 | D42: キャラごとの形と大きさ | E42: プロト | F42: A | G42: 完了 | H42: 2
A43: 当たり判定 | B43: 押し合い | D43: プレイヤーと敵・敵同士 | E43: プロト | F43: A | G43: 完了 | H43: 2
A44: 当たり判定 | B44: 地形 | D44: 壁・床へのめり込み・段差 | E44: プロト | F44: A | G44: 完了 | H44: 2
A45: 当たり判定 | B45: 弾 | D45: 弾とキャラ・弾と地形 | E45: プロト | F45: B | G45: 進行中 | H45: 3
A46: カメラ | B46: 通常 | D46: 追従 | E46: プロト | F46: A | G46: 完了 | H46: 0.5
A47: カメラ | B47: 通常 | D47: 右スティックの手動操作 | E47: プロト | F47: A | G47: 完了 | H47: 0.5
A48: カメラ | B48: ロックオン | D48: ロックオン中の画角 | E48: プロト | F48: A | G48: 未着手 | H48: 3
A49: カメラ | B49: 地形 | D49: 壁へのめり込み対策 | E49: プロト | F49: A | G49: 完了 | H49: 2
A50: カメラ | B50: 演出 | D50: 一時的なカメラ切り替え | E50: アルファ | F50: A | G50: 未着手 | H50: 3 | J50: ボス登場・とどめなど
A51: Enemy | B51: 共通 | D51: 被弾・怯み | E51: プロト | F51: A | G51: 完了 | H51: 5
A52: Enemy | B52: 共通 | D52: 吹っ飛び・打ち上げ・ダウン・起き上がり | E52: プロト | F52: A | G52: 完了 | H52: 10 | J52: タイムスケールとか重力を考えると吹っ飛び難しい(打ち上げの空中感はアルファでやる)
A53: Enemy | B53: 共通 | D53: 死亡ステート・消え方 | E53: プロト | F53: A | G53: 完了 | H53: 2 | J53: Alien.cppにTODOあり
A54: Enemy | B54: 共通 | D54: 攻撃の予兆（光る） | E54: プロト | F54: A | G54: 完了 | H54: 1 | J54: ジャスト回避の合図
A55: Enemy | B55: 共通 | D55: 追跡・攻撃の選び方 | E55: プロト | F55: A | G55: 完了 | H55: 3
A56: Enemy | B56: 共通 | D56: 同時に攻撃してくる数の制限 | E56: アルファ | F56: A | G56: 未着手 | H56: 2
A57: Enemy | B57: 共通 | D57: ウィッチタイム中のスロー | E57: プロト | F57: A | G57: 完了 | H57: 0.5
A58: Enemy | B58: 共通 | D58: ステータスのデータ読み込み | E58: プロト | F58: A | G58: 完了 | H58: 0.5
A59: Enemy | B59: 共通 | D59: 出現・ウェーブ管理 | E59: アルファ | F59: A | G59: 未着手 | H59: 2
A60: Enemy | B60: エイリアン | D60: 攻撃パターン | E60: プロト | F60: A | G60: 完了 | H60: 3
A61: Enemy | B61: エイリアン | D61: 被弾・死亡モーションのつなぎ込み | E61: プロト | F61: A | G61: 完了 | H61: 2
A62: Enemy | B62: エイリアン | D62: 調整 | E62: プロト | F62: A | G62: 未着手 | H62: 3
A63: Enemy | B63: 雑魚2 | D63: 方向性を決める | E63: アルファ | F63: A | G63: 未着手 | H63: 3 | J63: 近距離型。重量型・素早い型・盾持ち型から選ぶ
A64: Enemy | B64: 雑魚2 | D64: 攻撃パターン2種（予兆つき） | E64: アルファ | F64: A | G64: 未着手 | H64: 2
A65: Enemy | B65: 雑魚2 | D65: 特別な処理（怯まない・ガードなど） | E65: アルファ | F65: A | G65: 未着手 | H65: 2 | J65: 方向性しだい
A66: Enemy | B66: 雑魚2 | D66: モーションのつなぎ込み | E66: アルファ | F66: A | G66: 未着手 | H66: 2
A67: Enemy | B67: 雑魚2 | D67: 調整 | E67: アルファ | F67: A | G67: 未着手 | H67: 2
A68: Enemy | B68: ボス | D68: 攻撃1：近接の薙ぎ払い | E68: アルファ | F68: A | G68: 未着手 | H68: 2 | J68: 回避・ジャスト回避で避ける
A69: Enemy | B69: ボス | D69: 攻撃2：突進 | E69: アルファ | F69: A | G69: 未着手 | H69: 2 | J69: 横回避で避ける。外れたら大きな隙
A70: Enemy | B70: ボス | D70: 攻撃3：叩きつけ・衝撃波 | E70: アルファ | F70: A | G70: 未着手 | H70: 2 | J70: ジャンプで避ける
A71: Enemy | B71: ボス | D71: 攻撃の選び方 | E71: アルファ | F71: A | G71: 未着手 | H71: 2 | J71: 距離で選ぶ・同じ攻撃を続けない
A72: Enemy | B72: ボス | D72: フェーズ2 | E72: アルファ | F72: A | G72: 未着手 | H72: 2 | J72: HP半分以下で速くなる・連続攻撃
A73: Enemy | B73: ボス | D73: 怯み・ダウンの扱い | E73: アルファ | F73: A | G73: 未着手 | H73: 2 | J73: 基本は怯まず、ダメージをためるとダウン
A74: Enemy | B74: ボス | D74: 登場・撃破の演出 | E74: アルファ | F74: A | G74: 未着手 | H74: 2
A75: Enemy | B75: ボス | D75: ボス戦用カメラ | E75: アルファ | F75: A | G75: 未着手 | H75: 2
A76: Enemy | B76: ボス | D76: 大きな体に合わせた当たり判定 | E76: アルファ | F76: A | G76: 未着手 | H76: 2
A77: ゲームの流れ | B77: シーン管理 | D77: シーン切り替え・フェード | E77: プロト | F77: A | G77: 完了 | H77: 1
A78: ゲームの流れ | B78: タイトル | D78: ゲーム開始・終了 | E78: プロト | F78: A | G78: 完了 | H78: 1
A79: ゲームの流れ | B79: ゲームオーバー | D79: リトライ・タイトルに戻る | E79: プロト | F79: A | G79: 完了 | H79: 1
A80: ゲームの流れ | B80: リザルト | D80: リザルト画面 | E80: プロト | F80: A | G80: 完了 | H80: 1 | J80: 評価の仕様は保留
A81: ゲームの流れ | B81: ポーズ | D81: 再開・リトライ・タイトルに戻る | E81: プロト | F81: A | G81: 完了 | H81: 1
A82: 手応え | B82: ヒット | D82: ヒットストップ | E82: アルファ | F82: A | G82: 完了 | H82: 1
A83: 手応え | B83: ヒット | D83: カメラシェイク | E83: アルファ | F83: A | G83: 完了 | H83: 1
A84: 手応え | B84: ヒット | D84: ヒット時の音・エフェクト呼び出し | E84: アルファ | F84: A | G84: 未着手 | H84: 2
A85: 手応え | B85: ヒット | D85: 敵ののけぞり演出 | E85: アルファ | F85: A | G85: 未着手 | H85: 3
A86: マップ | B86: チュートリアル | D86: 地形 | E86: アルファ | F86: A | G86: 未着手 | H86: 3
A87: マップ | B87: チュートリアル | D87: 操作を1つずつ教える流れ | E87: アルファ | F87: A | G87: 未着手 | H87: 3 | J87: 移動→攻撃→回避→ジャスト回避
A88: マップ | B88: チュートリアル | D88: 案内テキスト | E88: アルファ | F88: A | G88: 未着手 | H88: 1
A89: マップ | B89: チュートリアル | D89: 次に進む条件 | E89: アルファ | F89: A | G89: 未着手 | H89: 3
A90: マップ | B90: 本編 | D90: 地形 | E90: アルファ | F90: A | G90: 未着手 | H90: 2
A91: マップ | B91: 本編 | D91: 敵の配置 | E91: アルファ | F91: A | G91: 未着手 | H91: 2
A92: マップ | B92: 本編 | D92: ウェーブ進行 | E92: アルファ | F92: A | G92: 未着手 | H92: 2 | J92: 全部倒したら次へ
A93: マップ | B93: 本編 | D93: ボス部屋への移動 | E93: アルファ | F93: A | G93: 未着手 | H93: 2
A94: マップ | B94: 本編 | D94: 進めない場所の壁 | E94: アルファ | F94: A | G94: 未着手 | H94: 2
A95: マップ | B95: 共通 | D95: チュートリアル→本編の切り替え | E95: アルファ | F95: A | G95: 未着手 | H95: 1
A96: 素材探し | B96: モデル | D96: プレイヤー・雑魚2種・ボス | E96: ベータ | F96: A | G96: 未着手 | H96: 3
A97: 素材探し | B97: モデル | D97: ステージ・背景 | E97: ベータ | F97: A | G97: 未着手 | H97: 3
A98: 素材探し | B98: アニメーション | D98: 足りないモーション | E98: ベータ | F98: A | G98: 未着手 | H98: 2
A99: 素材探し | B99: 音 | D99: BGM | E99: ベータ | F99: A | G99: 未着手 | H99: 3 | J99: タイトル・チュートリアル・本編・ボス・リザルト
A100: 素材探し | B100: 音 | D100: 効果音 | E100: ベータ | F100: A | G100: 未着手 | H100: 4 | J100: 攻撃・ヒット・回避・ジャスト回避・銃・UI操作
A101: 素材探し | B101: エフェクト | D101: エフェクト | E101: ベータ | F101: A | G101: 未着手 | H101: 3 | J101: 攻撃の軌跡・ヒット・着地・ウィッチタイム・魔法陣・死亡・予兆
A102: 素材探し | B102: UI | D102: UI画像 | E102: ベータ | F102: A | G102: 未着手 | H102: 4 | J102: HP・コンボ数・スコア・ボスHP・ロックオンマーカー・ボタン表示
A103: 組み込み | B103: UI | D103: HP・ボスHP | E103: ベータ | F103: A | G103: 未着手 | H103: 1
A104: 組み込み | B104: UI | D104: コンボ数・スコア | E104: ベータ | F104: A | G104: 未着手 | H104: 1
A105: 組み込み | B105: UI | D105: ロックオンマーカー | E105: ベータ | F105: A | G105: 未着手 | H105: 1
A106: 組み込み | B106: UI | D106: 操作説明 | E106: ベータ | F106: A | G106: 未着手 | H106: 1
A107: 組み込み | B107: UI | D107: 各画面のメニュー | E107: ベータ | F107: A | G107: 未着手 | H107: 1
A108: 組み込み | B108: 音 | D108: 管理クラス | E108: ベータ | F108: A | G108: 未着手 | H108: 1
A109: 組み込み | B109: 音 | D109: BGM切り替え | E109: ベータ | F109: A | G109: 未着手 | H109: 1
A110: 組み込み | B110: 音 | D110: 効果音の配置・音量調整 | E110: ベータ | F110: A | G110: 未着手 | H110: 1
A111: 組み込み | B111: エフェクト | D111: 管理クラス | E111: ベータ | F111: A | G111: 完了 | H111: 1
A112: 組み込み | B112: エフェクト | D112: 各所への配置 | E112: ベータ | F112: A | G112: 進行中 | H112: 1
A113: 仕上げ | B113: 調整 | D113: バランス調整 | E113: ベータ | F113: A | G113: 未着手 | H113: 10 | J113: 敵の強さ・ダメージ・ウィッチタイムの長さ
A114: 仕上げ | B114: 調整 | D114: バグ修正 | E114: ベータ | F114: A | G114: 未着手 | H114: 10
A115: 仕上げ | B115: 調整 | D115: 遊んでもらって感想をもらう | E115: ベータ | F115: A | G115: 未着手 | H115: 10
A116: 仕上げ | B116: 提出 | D116: 提出用ビルド・動作確認 | E116: マスタ | F116: A | G116: 未着手 | H116: 1
D117: 合計 | H117: =SUM(H2:H116) -> 271.5 | I117: =SUM(I2:I116) -> 0

Sheet 設定
A1: WinterGame2026 設定
A3: 開始日 | B3: 46282
A4: 締切 | B4: 46386
A5: 1コストあたり時間 | B5: 1
A6: 1日の作業時間 | B6: 8
A7: 残り日数（今日から締切） | B7: =MAX(0,B4-TODAY()) -> 62
A8: 期間全体の作業可能時間 | B8: =(B4-B3+1)*B6 -> 840
A10: 青字のセルは編集できます。値は WinterGame2026.json（board-planner）から取り込んだものです。

Sheet memo
A2: 1022
B3: デカイ手の演出終わらせる
B4: エイリアンの挙動も完成させる
B5: 竜巻を豪鬼の大竜にする
A9: 1024
B10: エイリアンの仕様
B11: 浮遊している
B12: 遠距離攻撃をする(ブレス攻撃)
B13: 踵落としで叩き落せる
B14: デカイ手の攻撃でも落とせる
B15: 攻撃したあとプレイヤーから距離をとって様子をみる
B16: 攻撃の予兆がある
A18: 1029
B19: カメラのロックオン
B20: マップを作る
B21: スポーン条件作る
B22: ボスの設計やる
